"region","confirmed","deaths","avg_case_fatality_ratio"
"Rocky Mountain",1133137,12682,1.3567752522629184
"Pacific",2865051,31731,1.0352832444570472
