"region","confirmed","deaths","avg_case_fatality_ratio"
"Rocky Mountain",2759081,31615,1.5833820577150062
"Pacific",7062851,94023,1.1448339541413821
