"region","confirmed","deaths","avg_case_fatality_ratio"
"Rocky Mountain",4703231,41715,1.3293718108601005
"Pacific",15331945,125760,0.8510667691694243
